usuario,grupo,EntGraf,password
usu_B_41412,GR_B,Y,12D7087D61
usu_C_99595,GR_C,Y,5CD356CE5
usu_B_89421,GR_B,Y,4AC8D3F2D
usu_D_30088,GR_D,N,13ACE7E31D
usu_B_72974,GR_B,Y,1265696830
usu_F_34305,GR_F,N,EC6B53DC7
usu_E_23412,GR_E,N,13F61CF243
usu_D_38132,GR_D,N,17206769CF
usu_C_90636,GR_C,Y,8BA0C724F
usu_E_71154,GR_E,N,13629C7B7F
usu_B_78594,GR_B,Y,36B56CA36
usu_A_43243,GR_A,Y,3E8E0FCB
usu_C_20866,GR_C,Y,53F2325A1
usu_D_36263,GR_D,N,14248CA155
usu_A_27727,GR_A,Y,B8BA7271
usu_C_80295,GR_C,Y,137FE948DC
usu_C_68796,GR_C,Y,33CC97735
usu_A_46639,GR_A,Y,D81E1AFEB
usu_C_72109,GR_C,Y,13DA5E60E3
usu_A_63962,GR_A,Y,16AB313AFD
usu_B_34990,GR_B,Y,107688232D
usu_E_72039,GR_E,N,A8A6E2B0E
usu_E_35669,GR_E,N,3542A3593
usu_B_36682,GR_B,Y,832758DE1
usu_D_46905,GR_D,N,106E43CB6E
usu_D_79834,GR_D,N,100AF79185
usu_B_28642,GR_B,Y,1354B9AE42
usu_C_33118,GR_C,Y,8DC19EC1B
usu_F_55559,GR_F,N,142E32C593
usu_C_37161,GR_C,Y,153479DDE
usu_E_96472,GR_E,N,58F3EC0DC
usu_E_15256,GR_E,N,1013780477
usu_B_20486,GR_B,Y,8FA78116C
usu_A_48101,GR_A,Y,C33F95D51
usu_B_61867,GR_B,Y,AF147DAD0
usu_A_44887,GR_A,Y,18FB885C1
usu_F_18554,GR_F,N,19FCEF643
usu_A_38191,GR_A,Y,447CDCB0E
usu_E_63584,GR_E,N,448DFCBC5
usu_A_83370,GR_A,Y,A73944C7F
usu_B_67275,GR_B,Y,C7B627B79
usu_D_69913,GR_D,N,1488153331
usu_C_47749,GR_C,Y,1F9988A12
usu_A_66169,GR_A,Y,162B47D0F5
usu_C_83554,GR_C,Y,BAA8D438D
usu_C_80209,GR_C,Y,2BDC72355
usu_C_13817,GR_C,Y,173B030A5A
usu_F_55272,GR_F,N,C962C3E15
usu_A_58175,GR_A,Y,6CAFB1AD8
usu_E_89883,GR_E,N,3587C4421
usu_D_98271,GR_D,N,BF892D70C
usu_C_65965,GR_C,Y,446166129
usu_D_84957,GR_D,N,C5F99BBB6
usu_A_35252,GR_A,Y,71ADBF420
usu_F_97570,GR_F,N,53E7710B7
usu_A_44029,GR_A,Y,16A44E45B2
usu_B_32849,GR_B,Y,13A40E1B03
usu_E_49730,GR_E,N,8F6F125F5
usu_F_42782,GR_F,N,1292023B49
usu_A_73084,GR_A,Y,164BAC8EC4
usu_D_71348,GR_D,N,DE5A3F1C1
usu_F_44649,GR_F,N,14E27D37F0
usu_A_16198,GR_A,Y,1A78216C8
usu_E_29541,GR_E,N,A6CE2DF68
usu_B_87447,GR_B,Y,1193BB55AA
usu_B_30494,GR_B,Y,FC4BA7E6E
usu_A_14044,GR_A,Y,B66AFC486
usu_E_24825,GR_E,N,1355FCC836
usu_E_79141,GR_E,N,DDE3716C0
usu_A_12518,GR_A,Y,32F0C27AB
usu_D_22266,GR_D,N,D2DF42348
usu_F_74440,GR_F,N,14EE9A5A2
usu_A_53164,GR_A,Y,BED72A422
usu_A_80457,GR_A,Y,F0913A375
usu_A_53296,GR_A,Y,19143F5FA
usu_F_28255,GR_F,N,29C13A73E
usu_B_73874,GR_B,Y,F893470B6
usu_C_39071,GR_C,Y,13974C8BBD
usu_D_55890,GR_D,N,EBA42D8A8
usu_A_99119,GR_A,Y,12A0B6A196
usu_A_44414,GR_A,Y,B4C2A7D7
usu_F_54997,GR_F,N,14722773E6
usu_F_60928,GR_F,N,331D3DA21
usu_F_14161,GR_F,N,150C4C1DEF
usu_B_50025,GR_B,Y,1E53B88FF
usu_B_22084,GR_B,Y,167F9D0FEE
usu_A_35889,GR_A,Y,E01C2D0CD
usu_D_35895,GR_D,N,DD48292FF
usu_B_68428,GR_B,Y,7D182DF65
usu_B_90587,GR_B,Y,59622415A
usu_C_72222,GR_C,Y,1007B943FF
usu_B_81327,GR_B,Y,103CE3CBF4
usu_D_95737,GR_D,N,D886481D7
usu_A_53211,GR_A,Y,261828E1D
usu_C_88116,GR_C,Y,31B7783D7
usu_B_54713,GR_B,Y,5E6D9A4C2
usu_B_10919,GR_B,Y,12808F556C
usu_B_95160,GR_B,Y,107BF12F7
usu_D_77721,GR_D,N,A5C053170
usu_F_18367,GR_F,N,E66A496BC
usu_F_56398,GR_F,N,107DEDC304
usu_A_52693,GR_A,Y,32DCECB41
usu_E_63749,GR_E,N,98BCB3EC0
usu_C_60114,GR_C,Y,C0DC6AC81
usu_F_37493,GR_F,N,873ED450
usu_F_80013,GR_F,N,16A7C90224
usu_A_40385,GR_A,Y,157DE761FF
usu_F_39037,GR_F,N,1289087421
usu_A_40067,GR_A,Y,FEB016102
usu_E_34465,GR_E,N,573E62102
usu_A_12638,GR_A,Y,D09386C7E
usu_C_13810,GR_C,Y,B105E4A8
usu_A_97040,GR_A,Y,20BA9E84C
usu_B_76077,GR_B,Y,44B39AA7
usu_F_68022,GR_F,N,9BE83DD93
usu_F_35819,GR_F,N,F9E2A1302
usu_C_52948,GR_C,Y,BC0A2222C
usu_E_72913,GR_E,N,7C3D8F83F
usu_D_82356,GR_D,N,1640911D8A
usu_C_98606,GR_C,Y,104E2A9C75
usu_A_32309,GR_A,Y,5F1BF2D0D
usu_A_90117,GR_A,Y,112F53903D
usu_B_46156,GR_B,Y,E3DF5CDA7
usu_E_39462,GR_E,N,EDF1FC2C1
usu_C_30870,GR_C,Y,1C6808E2A
usu_D_12237,GR_D,N,24D20DE0D
usu_F_73111,GR_F,N,3FC047E88
usu_F_61090,GR_F,N,6D19805B3
usu_D_89183,GR_D,N,BDAAB6871
usu_E_75702,GR_E,N,36F8F0840
usu_E_66125,GR_E,N,AD64C69E7
usu_A_15462,GR_A,Y,4831E9AA9
usu_B_45394,GR_B,Y,217E48FCA
usu_E_74991,GR_E,N,56390DB88
usu_A_27114,GR_A,Y,19B0DD206
usu_E_25276,GR_E,N,115BE85C0A
